NAME,ADDRESS,CLASS,ZONE,City,Country
1ST AVENUE PARK,625 EMPRESS ST,B,WEST,Regina,Canada
3RD AVENUE PARK,4610 3RD AVE,B,WEST,Regina,Canada
ACT BALL PARK,460 ELPHINSTONE ST,C,NORTH,Regina,Canada
A.C.T. BALL PARK,460 ELPHINSTONE ST,C,NORTH,Regina,Canada
AE WILSON PARK EAST,6102 BRUNSKILL PL,A,WEST,Regina,Canada
A.E. WILSON PARK EAST,6102 BRUNSKILL PL,A,WEST,Regina,Canada
AE WILSON PARK WEST,1010 MCCARTHY BLVD,A,WEST,Regina,Canada
A.E. WILSON PARK WEST,1010 MCCARTHY BLVD,A,WEST,Regina,Canada
ABERDEEN PARK,5320 1ST AVE,B,WEST,Regina,Canada
ACADEMY PARK,2 ACADEMY PARK RD,B,SOUTH,Regina,Canada
AL PICKARD PARK,343 N PICKARD ST,B,WEST,Regina,Canada
ALPORT PARK,28 ALPORT CRES,B,NORTH,Regina,Canada
ANGUS ROAD PARK,"435, 465 & 497 ANGUS RD",B,NORTH,Regina,Canada
ARBOR GROVE PARK,3436 OLIVE GROVE,B,EAST,Regina,Canada
ARBORETUM PARK,1430 4TH AVE,C,CENTRAL,Regina,Canada
ARLINGTON PARK,35 GROOME AVE,B,SOUTH,Regina,Canada
ARTHUR PARK,4215 SHERWOOD DR,C,WEST,Regina,Canada
ASSINIBOINE PARK,3355 ROBINSON ST,B,SOUTH,Regina,Canada
BAKER PARK,8801 SHERWOOD DR,B,WEST,Regina,Canada
BASTEDO PARK,87 MCSHERRY CRES,B,WEST,Regina,Canada
BEACON PARK,5389 AERIAL CRES,B,SOUTH,Regina,Canada
BENSON PARK,4550 8TH AVE,B,WEST,Regina,Canada
BIRCHWOOD PARK,10 NORRIS RD,C,SOUTH,Regina,Canada
BLOOS PARK,5599 DEVINE PL,B,WEST,Regina,Canada
BOTHWELL PARK,94 BOTHWELL CRES,B,NORTH,Regina,Canada
BRINKWORTH PARK,2150 ALEXANDRA ST,C,CENTRAL,Regina,Canada
BRUTON PARK,30 CHURCH DR,B,WEST,Regina,Canada
BUNDON PARK,7931 GORDON STASESON BLVD,B,WEST,Regina,Canada
BUTTON PARK,6301 7TH AVE N,B,WEST,Regina,Canada
CAEN PARK,3010 PRINCESS ST,C,SOUTH,Regina,Canada
CAMERON PARK,71 CAMERON ST,B,SOUTH,Regina,Canada
CANNON STREET PARK,311 CANNON ST,B,EAST,Regina,Canada
CANUCK PARK,4990 TUTOR WAY,B,SOUTH,Regina,Canada
CAREY PARK,120 CAREY ST,B,NORTH,Regina,Canada
CARLTON PARK,1450 CARLTON ST,C,WEST,Regina,Canada
CATHY LAURITSEN MEMORIAL OFF-LEASH DOG PARK,2110 FORGET ST,C,CENTRAL,Regina,Canada
CENTRAL PARK,2231 SCARTH ST,A,CENTRAL,Regina,Canada
CHANNEL HEAD PARK,48 WOODWARD AVE,C,NORTH,Regina,Canada
CHURCH PARK,85 CHURCH DR,B,WEST,Regina,Canada
CHURCH/BLACKMAN PARK,240 CHURCH DR,B,WEST,Regina,Canada
CITY SQUARE PLAZA,2100 12TH AVE,,CENTRAL,Regina,Canada
CLERMONT PARK,169 CANNON ST,B,EAST,Regina,Canada
COLEMAN PARK,220 FINES DR,B,EAST,Regina,Canada
COLUMBUS PARK,2940 PASQUA ST,C,SOUTH,Regina,Canada
CONFEDERATION PARK,1700 ELPHINSTONE ST,C,CENTRAL,Regina,Canada
CORE COMMUNITY PARK,1801 MONTREAL ST,B,CENTRAL,Regina,Canada
COVENTRY PARK,20 COVENTRY RD,C,WEST,Regina,Canada
CRAIGIE PARK,40 TREMAINE AVE,B,WEST,Regina,Canada
CREEKSIDE ENVIRONMENTAL RESERVE,3250 E DEWDNEY AVE,D,EAST,Regina,Canada
CREEKSIDE PARK,3700 E DEWDNEY AVE,B,EAST,Regina,Canada
CRESCENT PARK,1109 E 14TH AVE,B,CENTRAL,Regina,Canada
CROSBIE PARK,3201 CROSBIE CRES,,EAST,Regina,Canada
CROSS PARK,2176 CROSS PL,B,SOUTH,Regina,Canada
DAFFODIL PARK,2128 DUFFERIN RD,B,SOUTH,Regina,Canada
DALGLIESH PARK,50 DALGLIESH DR,B,WEST,Regina,Canada
DARKE PARK,1115 MCNIVEN AVE,B,SOUTH,Regina,Canada
DERBY PARK,15 DERBY ST,B,NORTH,Regina,Canada
DEWDNEY POOL PARK,3355 8TH AVE,B,CENTRAL,Regina,Canada
DICKINSON PARK,2010 12TH AVE N,B,NORTH,Regina,Canada
DOLPHIN BAY PARK,26 CARDINAL CRES,C,SOUTH,Regina,Canada
DOLPHIN PARK,54 B DOLPHIN BAY,C,SOUTH,Regina,Canada
DOMINION PARK,2735 LACON ST,B,EAST,Regina,Canada
DOUGLAS CRESCENT PARKETTE,625 E DOUGLAS PARK CRES,B,EAST,Regina,Canada
DOUGLAS PARK,3025 MCDONALD ST,,EAST,Regina,Canada
LEIBEL FIELD,3025 MCDONALD ST,,EAST,Regina,Canada
DOVER PARK,1250 DOVER AVE,B,NORTH,Regina,Canada
DR. A.E. PERRY PARK,40 COWIE RD,B,SOUTH,Regina,Canada
DR. FERGUSON PARK,129 BROTHERTON AVE,B,EAST,Regina,Canada
DRYBURGH PARK,15 DRYBURGH CRES,C,WEST,Regina,Canada
DURHAM PARK,85 DOLPHIN BAY,C,SOUTH,Regina,Canada
EASTGATE PARK,3410 E EASTGATE DR,D,EAST,Regina,Canada
EASTGATE PARK,3502 E EASTGATE DR,B,EAST,Regina,Canada
EASTVIEW PARK,945 BRODER ST,B,CENTRAL,Regina,Canada
EDENWOLD EXTENSION R7,129 EDENWOLD CRES,B,WEST,Regina,Canada
EDENWOLD R8 PARK,140 EDENWOLD CRES,B,WEST,Regina,Canada
ELLIS PARK,4740 HARBOUR LANDING DR,B,SOUTH,Regina,Canada
ELLISON PARK,4215 SHERWOOD DR,C,WEST,Regina,Canada
ELMVIEW EAST PARK,202 ELMVIEW RD,B,NORTH,Regina,Canada
ELMWOOD PARK,1225 SHANNON RD,B,SOUTH,Regina,Canada
ELSIE DORSEY PARK,4199 CASTLE RD,C,SOUTH,Regina,Canada
EMERALD PARK,125 EMERALD PARK RD,B,SOUTH,Regina,Canada
EMPRESS PARK,1 EMPRESS DR,B,WEST,Regina,Canada
ENGLEWOOD PARK,165 PETERSMEYER ST,B,NORTH,Regina,Canada
EWART PARK,1564 N DEVONSHIRE DR,B,WEST,Regina,Canada
FAFARD PARK,5910 KOEP AVE,B,WEST,Regina,Canada
FAIRCHILD PARK,5350 AERODROME RD,B,SOUTH,Regina,Canada
FINES DRIVE PARK,499 FINES DR,C,EAST,Regina,Canada
FIREHALL PARK,281 RINK AVE,B,WEST,Regina,Canada
FLAMINGO PARK,19 FLAMINGO CRES,C,SOUTH,Regina,Canada
FLEET PARK,1728 FLEET ST,B,EAST,Regina,Canada
FREDERICK W. HILL MALL,2199 11TH AVE,A,CENTRAL,Regina,Canada
FRENCH PARK,1055 N MCINTOSH ST,B,WEST,Regina,Canada
FUHRMANN PARK,170 FUHRMANN CRES,B,WEST,Regina,Canada
GARDINER PARK,424 UNIVERSITY PARK DR,B,EAST,Regina,Canada
GARDINER PARK EXTENSION,1320 E TRUESDALE DR,B,EAST,Regina,Canada
GARNET PARK,3310 AVONHURST DR,B,NORTH,Regina,Canada
GARUIK PARK,281 TRIFUNOV CRES,B,NORTH,Regina,Canada
GLEN ELM PARK,1501 BOND ST,B,EAST,Regina,Canada
GLENCAIRN PARK,2626 E DEWDNEY AVE,B,EAST,Regina,Canada
GOCKI PARK,2230 LINDSAY ST,B,CENTRAL,Regina,Canada
GOLDMAN PARK,1900 NORMAN MACKENZIE RD,B,NORTH,Regina,Canada
GORDON PARK,3509 GORDON RD,B,SOUTH,Regina,Canada
GRASSICK PARK,5325 DEWDNEY AVE,B,WEST,Regina,Canada
GRASSICK PLAYGROUND PARK,901 GARNET ST,B,CENTRAL,Regina,Canada
GREEN MEADOW PARK,3598 GREEN BANK RD,B,EAST,Regina,Canada
GREENBURG PARK,1956 BRODER ST,B,CENTRAL,Regina,Canada
HAMMERSTROM PARK,402 HALIFAX ST,C,NORTH,Regina,Canada
HAMPSHIRE PARK,6410 HEFFERNAN DR,C,WEST,Regina,Canada
HANSEN DRIVE PARK,542 HANSEN DR,C,WEST,Regina,Canada
HARDING PARK,2952 HARDING ST,B,EAST,Regina,Canada
HASTINGS PARK,216 HASTINGS CRES,B,WEST,Regina,Canada
HAVILLAND PARK,5401 TUTOR WAY,B,SOUTH,Regina,Canada
HAYWORTH CRESCENT PARK,750 RINK AVE,B,WEST,Regina,Canada
HEFFERNAN PARK,6415 HEFFERNAN DR,B,WEST,Regina,Canada
HENRY BRAUN PARK,951 MIDDLETON CRES,B,EAST,Regina,Canada
HENRY JANZEN PARK,390 DALGLIESH DR,B,WEST,Regina,Canada
HENRY JANZEN PARK EXTENSION,939 DALGLIESH DR,B,WEST,Regina,Canada
HILL PARK,2755 E DEWDNEY AVE,B,EAST,Regina,Canada
HIND PARK,20 HIND ST,B,WEST,Regina,Canada
HIRD PARK,6530 HIRD CRES,B,WEST,Regina,Canada
HOLLAND PARK,410 HOLLAND AVE,B,CENTRAL,Regina,Canada
HOPSON PARK,3100 ROCHDALE BLVD,B,NORTH,Regina,Canada
HOWELL PARK,2705 E HOWELL DR,B,EAST,Regina,Canada
HUDSON PARK,3890 PARLIAMENT AVE,B,SOUTH,Regina,Canada
IANNONE PARK,6301 DEWALT AVE,B,WEST,Regina,Canada
IMPERIAL PARK,305 ROSE ST,B,NORTH,Regina,Canada
JENKINS DRIVE PARK,3706 E JENKINS DR,B,EAST,Regina,Canada
JIM CAIRNS PARK,4712 GLASS ST,B,SOUTH,Regina,Canada
JOLLY PARK,2714 E SWAIN PL,B,EAST,Regina,Canada
JUNIPER PARK,1000 STOCKTON ST,B,WEST,Regina,Canada
KAYTOR PARK,5201 WATSON WAY,B,WEST,Regina,Canada
KEN JENKINS PARK,210 MCINTOSH ST,B,WEST,Regina,Canada
KINGS ROAD PARK,3003 PASQUA ST,B,SOUTH,Regina,Canada
KINSMEN PARK NORTH,750 PASQUA ST,B,CENTRAL,Regina,Canada
KINSMEN PARK SOUTH,3310 LAKEVIEW AVE,B,SOUTH,Regina,Canada
KIWANIS PARK EXTENSION,2475 ELPHINSTONE ST,B,CENTRAL,Regina,Canada
KIWANIS WATERFALL PARK,2755 ELPHINSTONE ST,A,SOUTH,Regina,Canada
KRAHN PARK,7045 MAPLE RIDGE DR,B,WEST,Regina,Canada
LACON PARK,3101 LACON ST,B,EAST,Regina,Canada
LAIRD PARK,4310 SHERWOOD DR,B,WEST,Regina,Canada
LAKERIDGE PARK,5560 LEIBEL CRES,B,WEST,Regina,Canada
LAKERIDGE SPORTS PARK,5451 ROCHDALE BLVD,B,WEST,Regina,Canada
LAKEVIEW PARK,2910 ATHOL ST,C,SOUTH,Regina,Canada
LAKEWOOD PARK,6024 WHELAN DR,B,WEST,Regina,Canada
L'ARCHE PARK,3215 LAKEVIEW AVE,C,SOUTH,Regina,Canada
LEOPOLD CRESCENT PARK,3110 18TH AVE,C,CENTRAL,Regina,Canada
LES SHERMAN PARK NORTH,4055 15TH AVE,B,CENTRAL,Regina,Canada
LES SHERMAN PARK SOUTH,3955 17TH AVE,B,CENTRAL,Regina,Canada
LESLIE PARK & LAWN BOWLING PARK,3820 VICTORIA AVE,B,CENTRAL,Regina,Canada
LITZENBERGER PARK,100 RINK AVE,B,WEST,Regina,Canada
LORIMER PARK,19 LORIMER CRES,B,NORTH,Regina,Canada
LUCY ELEY PARK,1915 RETALLACK ST,C,CENTRAL,Regina,Canada
M.J. COLDWELL PARK,115 FAIRVIEW RD,B,NORTH,Regina,Canada
m├ómaw├¬yatit├ón park,3350 7TH AVE,C,CENTRAL,Regina,Canada
MAAT PARK,1701 N ELKS RD,B,WEST,Regina,Canada
MABLE BROWN PARK,225 MIKKELSON DR,B,WEST,Regina,Canada
MAHON PARK,130 BROTHERTON AVE,B,EAST,Regina,Canada
MAPLE LEAF PARK,1120 14TH AVE,B,CENTRAL,Regina,Canada
MAPLE RIDGE PARK A,6918 MAPLE BROOK CRES,B,WEST,Regina,Canada
MAPLE RIDGE PARK B,6703 MAPLE RIDGE DR,B,WEST,Regina,Canada
MARKWELL PARK,334 MARKWELL DR,B,WEST,Regina,Canada
MARSH PARK,134 MARSH CRES,B,SOUTH,Regina,Canada
MASSEY PARK,2355 PARLIAMENT AVE,B,SOUTH,Regina,Canada
MAYFIELD PARK,112 MAYFIELD RD,B,EAST,Regina,Canada
McDERMID PARK,230 QUEBEC ST,B,NORTH,Regina,Canada
LIONS BALL PARK,230 QUEBEC ST,B,NORTH,Regina,Canada
MCGILLIVRAY PARK,32 MCGILLIVRAY CRES,B,WEST,Regina,Canada
MCINNIS PARK 1,115 MCINNIS CRES,B,NOTH,Regina,Canada
MCINNIS PARK 2,144 MCINNIS CRES,B,NORTH,Regina,Canada
MCKENNA PARK,5033 PADWICK RD,B,SOUTH,Regina,Canada
MCLEOD PARK,3500 QUEEN ST,C,SOUTH,Regina,Canada
MCLURG SCHOOL PARK,201 FULTON DR,B,WEST,Regina,Canada
MCMURCHY PARK,250 N GARNET ST,C,NORTH,Regina,Canada
MCNAB PARK,4802 11TH AVE,C,WEST,Regina,Canada
MCNAUGHTON PARK,54 MCNAUGHTON AVE,B,WEST,Regina,Canada
MCNIVEN PARK,1010 MCNIVEN AVE,C,SOUTH,Regina,Canada
MCVEETY PARK,1851 JUBILEE AVE,C,SOUTH,Regina,Canada
MEMORIAL CROSS PARK,4527 ELLARD WAY,B,WEST,Regina,Canada
MERLIN PARK 3,35 LAWSON ST,B,NORTH,Regina,Canada
MIKE BADHAM PARK,2606 GRANT RD,B,SOUTH,Regina,Canada
MILFORD PARK,220 CAMBRIDGE AVE,B,EAST,Regina,Canada
MILLAR PARK,65 MILLAR CRES,B,SOUTH,Regina,Canada
MOUNT PLEASANT SPORT PARK,750 N WINNIPEG ST,B,NORTH,Regina,Canada
MUNROE PARK,31 GARDINER AVE,B,SOUTH,Regina,Canada
MURPHY PARK,15 MURPHY CRES,B,WEST,Regina,Canada
NEFF PARK,2827 E NEFF RD,B,EAST,Regina,Canada
NEW ALBERT PARK,5002 MCTAVISH ST,B,SOUTH,Regina,Canada
NORSEMAN PARK,5081 BEACON DR,B,SOUTH,Regina,Canada
REGINA MINOR GIRLS,1825 9TH AVE N,B,NORTH,Regina,Canada
NORTH EAST PARK,1825 9TH AVE N,B,NORTH,Regina,Canada
NORTH WEST RESERVOIR PARK,401 DALGLIESH DR,B,WEST,Regina,Canada
OAKVIEW PARK,84 OAKVIEW DR,B,NORTH,Regina,Canada
OKIMASIS PARK,4200 WILD ROSE PL,B,EAST,Regina,Canada
OPTIMIST PARK,5221 DEWDNEY AVE,B,WEST,Regina,Canada
OXFORD PARK,1512 E 8TH AVE,B,EAST,Regina,Canada
PACER PARK,2501 ANAQUOD RD,,EAST,Regina,Canada
PAPPAS PARK,60 PAPPAS CRES,B,WEST,Regina,Canada
PARKDALE PARK,901 PRINCESS ST,B,CENTRAL,Regina,Canada
PARKLAND PARK,3210 E PARKLAND DR,B,EAST,Regina,Canada
PARKRIDGE PARK,1243 ROSSIE DR,B,EAST,Regina,Canada
PARLIAMENT PARK NORTH,3325 LAKEVIEW AVE,C,SOUTH,Regina,Canada
PARLIAMENT PARK SOUTH,3102 PARLIAMENT AVE,C,SOUTH,Regina,Canada
PASCOE PARK,3199 19TH AVE,C,CENTRAL,Regina,Canada
PASQUA PARK,1301 PASQUA ST,B,CENTRAL,Regina,Canada
7TH AVENUE PARK,1301 PASQUA ST,B,CENTRAL,Regina,Canada
PASQUA GATE PARK,634 DALGLIESH DR,B,WEST,Regina,Canada
PATRICIA PARK,3009 AVONHURST DR,B,NORTH,Regina,Canada
PATTY CAKE PLAY PARK,1581 ROBINSON ST,C,CENTRAL,Regina,Canada
PEART PARK,2851 OTTAWA ST,B,CENTRAL,Regina,Canada
PHILLIP PARK,3256 MARGARET RD,B,EAST,Regina,Canada
PINES OF NORMANVIEW PARK,1098 DOROTHY ST,B,WEST,Regina,Canada
PLAINS MINNOW PARK,3401 GREEN LILY RD,B,EAST,Regina,Canada
PLAINSVIEW PARK,61 PLAINSVIEW DR,B,SOUTH,Regina,Canada
PONY PARK,3202 MCKINLEY AVE,C,NORTH,Regina,Canada
PRICE PARK,920 N MCINTOSH ST,B,WEST,Regina,Canada
PRINCE OF WALES PARK,3800 E CUMBERLAND RD,B,EAST,Regina,Canada
PRINCE WILLIAM PARK,3860 BUCKINGHAM DR,B,EAST,Regina,Canada
PROCTER PARK,100 PROCTER PL,B,SOUTH,Regina,Canada
QU'APPELLE PARK,1301 PARKER AVE,B,SOUTH,Regina,Canada
QUEEN ELIZABETH II COURT PARK,2476 VICTORIA AVE,A,CENTRAL,Regina,Canada
QUEEN ELIZABETH JUBILEE PARK,111 E BROADWAY AVE,B,EAST,Regina,Canada
QUEEN STREET PARK,4410 QUEEN ST,B,SOUTH,Regina,Canada
QUEEN'S PARK,2925 4TH AVE N,B,NORTH,Regina,Canada
RAE PARK,3101 PARLIAMENT AVE,C,SOUTH,Regina,Canada
RAMBLER PARK,5310 13TH AVE,C,CENTRAL,Regina,Canada
CRAIG PARK EXTENSION,5310 13TH AVE,C,CENTRAL,Regina,Canada
RAMBLER PARK,5215 14TH AVE,C,,Regina,Canada
RAWLINSON CRESCENT PARK,3898 28TH AVE,C,SOUTH,Regina,Canada
READY PARK,3043 E ARENS RD,B,EAST,Regina,Canada
REALTORS PARK,4310 MONTAGUE ST,B,SOUTH,Regina,Canada
REGENT POOL PARK,560 ELPHINSTONE ST,C,NORTH,Regina,Canada
REGINA RUGBY PARK,4025 25TH AVE,B,SOUTH,Regina,Canada
REIBLING PARK,50 CAVENDISH ST,B,EAST,Regina,Canada
REVES PARK,3175 HARDING ST,B,EAST,Regina,Canada
RICHARDSON PARK,156 SHANNON RD,B,SOUTH,Regina,Canada
RICK HANSEN OPTIMIST PLAYGROUND,1010 MCCARTHY BLVD,A,WEST,Regina,Canada
RIPPLINGER PARK,4211 CHUKA DR,B,EAST,Regina,Canada
RIVERBEND ,3100 TREGARVA DRIVE,B,EAST,Regina,Canada
RIVERBEND PARK,1900 HESELTINE RD,,EAST,Regina,Canada
RIVERSIDE MEMORIAL,815 Assiniboine ave east,,,Regina,Canada
RIVERBEND PARK,2250 HESELTINE RD,,EAST,Regina,Canada
ROBERT USHER PARK,1660 9TH AVE N,B,NORTH,Regina,Canada
ROCHDALE PARK,6829 CUNNINGHAM DR,B,WEST,Regina,Canada
ROOTMAN PARK,61 ROOTMAN AVE,B,EAST,Regina,Canada
ROSEMONT PARK,1101 WALKER ST,B,WEST,Regina,Canada
ROSEMONT SCHOOL PARK,5310 4TH AVE,C,WEST,Regina,Canada
ROTARY PARK,2738 REGINA AVE,A,SOUTH,Regina,Canada
ROTHWELL FIELDS PARK,1197 PARK ST,C,EAST,Regina,Canada
ROTHWELL PARK,1201 ROTHWELL ST,B,EAST,Regina,Canada
RUTH BUCK PARK,6208 SHERWOOD DR,B,WEST,Regina,Canada
RUTH PAWSON PARK,20 WEEKES CRES,B,NORTH,Regina,Canada
RYAN PARK,51 RYAN RD,B,SOUTH,Regina,Canada
SANGSTER PARK,496 SANGSTER BLVD,B,NORTH,Regina,Canada
SCHWEITZER PARK,2715 HELMSING ST,B,EAST,Regina,Canada
SCRIVENER PARK,255 CANNON ST,B,EAST,Regina,Canada
SELINGER PARK,3674 SELINGER CRES,B,EAST,Regina,Canada
SEREDA PARK,7955 BARLEY CRES,B,WEST,Regina,Canada
SHANNON PARK,525 SHANNON RD,B,SOUTH,Regina,Canada
SHARP PARK,7401 DEWDNEY AVE,B,WEST,Regina,Canada
SHEPPARD PARK,255 N GARNET ST,B,NORTH,Regina,Canada
SHERWOOD / MILNE PARK,5310 SHERWOOD DR,B,WEST,Regina,Canada
SHERWOOD PARK,20 WAKEFIELD CRES,B,WEST,Regina,Canada
SHOWLER PARK,5303 UNIVERSAL CRES,B,SOUTH,Regina,Canada
SPRUCE MEADOWS PARK,3211 E TREGARVA DR,B,EAST,Regina,Canada
ST. ANNE PARK,342 N HALIFAX ST,C,NORTH,Regina,Canada
ST. FRANCIS PARK,6015 MIKKELSON DR,B,WEST,Regina,Canada
ST. GREGORY PARK,310 UPLAND DR,B,NORTH,Regina,Canada
ST. JAMES PARK,2360 PASQUA ST,C,CENTRAL,Regina,Canada
LEWVAN FIELDS,2360 PASQUA ST,C,CENTRAL,Regina,Canada
ST. MARK PARK,1855 ROTHWELL ST,B,EAST,Regina,Canada
ST. THOMAS PARK,700 E TYVAN AVE,C,CENTRAL,Regina,Canada
STAN OXELGREN MEMORIAL PARK,126 SANGSTER BLVD,B,NORTH,Regina,Canada
STEINSON PARK,7700 GORDON STASESON BLVD,B,WEST,Regina,Canada
STEWART RUSSELL PARK,1912 E 7TH AVE,B,EAST,Regina,Canada
STOREY PARK,15 STOREY CRES,B,WEST,Regina,Canada
TANSLEY PARK,2111 NORMAN MACKENZIE RD,B,NORTH,Regina,Canada
TENNIS COURT PARK,5401 SHERWOOD DR,B,WEST,Regina,Canada
THERESA STEVENSON PARK,1399 N LAKERIDGE RD,B,WEST,Regina,Canada
TIBBITS PARK,4525 MONTAGUE ST,B,SOUTH,Regina,Canada
TONY COTE PARK,1505 ANSON RD,C,CENTRAL,Regina,Canada
TOOTHILL PARK,510 TOOTHILL ST,C,WEST,Regina,Canada
TRANSCONA PLAYGROUND,725 EMPRESS ST,C,WEST,Regina,Canada
TRANSIT PARK,333 WINNIPEG ST,B,NORTH,Regina,Canada
TURNER PARK,130 BENTLEY DR,B,EAST,Regina,Canada
TUTOR PARK,4975 TUTOR WAY,B,SOUTH,Regina,Canada
UNIVERSITY PARK,25 MICHENER DR,B,EAST,Regina,Canada
VARSITY PARK,2635 E PHILIP RD,B,EAST,Regina,Canada
VENTURE PARK,7907 VENTURE RD,B,WEST,Regina,Canada
VICTORIA PARK,2190 VICTORIA AVE,A,CENTRAL,Regina,Canada
W.H. FORD PARK,6129 DALGLIESH DR,B,WEST,Regina,Canada
WALKER CRESCENT PARK,5633 WALKER CRES,B,WEST,Regina,Canada
WALTER PARK,44 WALTER CRES,B,WEST,Regina,Canada
WAPITI PARK,1001 N AGRYLE ST,,NORTH,Regina,Canada
WASCANA CREEK PARK,3910 PRINCE OF WALES DR,B,EAST,Regina,Canada
WASCANA RIDGE PARK,WASCANA RIDGE & WASCANA CIRCLE,B,EAST,Regina,Canada
WASCANA VIEW PARK,3025 WASCANA CIRCLE,B,EAST,Regina,Canada
WEEKES PARK,120 WEEKES CRES,B,NORTH,Regina,Canada
WESTHILL PARK,8103 SHERWOOD DR,B,WEST,Regina,Canada
WESTMINSTER PARK,3304 WESTMINSTER RD,B,EAST,Regina,Canada
WHELAN / RADWAY PARK,1202 N RADWAY ST,B,WEST,Regina,Canada
WILFRED WALKER PARK,1910 E WAGMAN DR,B,EAST,Regina,Canada
WILLIAMS CRESCENT PARK,635 WILLIAMS ST,B,WEST,Regina,Canada
WILLISTON PARK,30 WILLISTON DR,B,WEST,Regina,Canada
WINDSOR PARK SOUTH,3200 E WOODHAMS DR,B,EAST,Regina,Canada
WOODLAND GROVE PARK,3507 ARBOR GROVE DR,B,EAST,Regina,Canada
YELLOW RAIL PARK,3735 GREEN DIAMOND RD,B,EAST,Regina,Canada
YINGST PARK,216 CAVENDISH ST,B,EAST,Regina,Canada
